"ripartition","Region","code_ripartition","code_region","code_province","province","Province","Ateco Code","Description","Registered","Active","Signed","Ceased","Change","Registered Società di capitale","Active Società di capitale","Signed Società di capitale","Ceased Società di capitale","Change Società di capitale","Registered Società di persone","Active Società di persone","Signed Società di persone","Ceased Società di persone","Change Società di eersone","Registered Ditte individuali","Active Ditte individuali","Signed Ditte individuali","Ceased Ditte individuali","Change Ditte individuali","Registered Other forms","Active Other forms","Signed Other forms","Ceased Other forms","Change Other forms","Year","Percentage active","Percentage change active","Percentage change active Società di capitale","Percentage change active Società di persone","Percentage change active Ditte individuali","Percentage change active Other forms","Percentage change ceased","Percentage change ceased Società di capitale","Percentage change ceased Società di persone","Percentage change ceased Ditte individuali","Percentage change ceased Other forms","NA"
"Nord-ovest","Piemonte",1,1,2,"Vercelli","vc","PIE","TOT","TOTALE                                                      ",15849,14021,665,809,4,2660,1979,108,75,7,3150,2428,55,115,-4,9670,9380,487,609,2,369,234,15,10,-1,"2020",88.47,467266.67,197800,242700,937900,Inf,3945,3650,1542.86,5436.36,Inf
"Nord-ovest","Piemonte",1,1,3,"Novara","no","PIE","TOT","TOTALE                                                      ",29244,26136,1453,1836,9,7154,5692,347,343,31,5073,4271,103,257,-24,16254,15623,981,1201,2,763,550,22,35,0,"2020",89.37,653300,189633.33,Inf,Inf,54900,1632.08,645.65,851.85,3903.33,1066.67
"Nord-ovest","Piemonte",1,1,1,"Torino","to","PIE","TOT","TOTALE                                                      ",219700,192604,11919,11802,70,46924,36142,2666,1541,73,51527,39760,795,1991,-51,116466,113404,8298,8068,50,4783,3298,160,202,-2,"2020",87.67,256705.33,92571.79,198700,1030845.45,65860,2165.26,894.19,880.79,5789.05,676.92
"Nord-ovest","Piemonte",1,1,6,"Alessandria","al","PIE","TOT","TOTALE                                                      ",41815,36694,1749,2195,3,8739,6366,368,241,14,7709,6169,121,278,-19,24434,23552,1235,1651,10,933,607,25,25,-2,"2020",87.75,458575,212100,616800,588700,Inf,2544.58,630.3,1535.29,5225.81,1150
"Nord-ovest","Valle d'Aosta/Vallée d'Aoste",1,2,7,"Valle d'Aosta/Vallée d'Aoste","ao","VAO","TOT","TOTALE                                                      ",12212,10858,605,710,-1,2227,1729,109,75,10,3000,2366,61,96,-11,6615,6451,422,521,0,370,312,13,18,0,"2020",88.91,361833.33,172800,236500,645000,Inf,1103.39,581.82,190.91,3907.69,800
"Nord-ovest","Liguria",1,7,8,"Imperia","im","LIG","TOT","TOTALE                                                      ",25680,21932,1219,1406,7,3854,2523,192,126,13,5420,3736,108,178,-12,15906,15354,910,1069,6,500,319,9,33,0,"2020",85.4,2193100,Inf,373500,Inf,Inf,1679.75,350,1012.5,3463.33,560
"Nord-ovest","Piemonte",1,1,4,"Cuneo","cn","PIE","TOT","TOTALE                                                      ",66423,62211,2944,3874,8,8621,6926,492,304,30,14806,13251,364,536,-25,41511,40755,2022,2968,5,1485,1279,66,66,-2,"2020",93.66,478446.15,230766.67,662450,679150,63850,3487.04,1221.74,2044,5607.69,725
"Nord-ovest","Piemonte",1,1,5,"Asti","at","PIE","TOT","TOTALE                                                      ",23181,21063,1017,1160,13,3019,2293,176,87,16,4406,3517,75,157,-8,15251,14879,750,889,5,505,374,16,27,0,"2020",90.86,1053050,Inf,351600,Inf,37300,2661.9,866.67,1862.5,3765.22,1250
"Nord-ovest","Lombardia",1,3,13,"Como","co","LOM","TOT","TOTALE                                                      ",47859,42430,2268,2393,30,13977,11199,668,484,60,9953,8340,141,323,-38,22752,21992,1427,1554,11,1177,899,32,32,-3,"2020",88.66,212050,159885.71,416900,732966.67,11137.5,2588.76,1052.38,2591.67,4756.25,966.67
"Nord-ovest","Lombardia",1,3,14,"Sondrio","so","LOM","TOT","TOTALE                                                      ",14455,13567,614,886,11,2987,2532,136,66,33,2878,2618,43,278,-22,8198,8090,426,534,0,392,327,9,8,0,"2020",93.86,452133.33,126500,Inf,Inf,32600,2171.79,842.86,1363.16,4754.55,300
"Nord-ovest","Liguria",1,7,9,"Savona","sv","LIG","TOT","TOTALE                                                      ",29408,25990,1412,1669,21,4422,3267,216,208,10,6893,5305,139,303,-2,17372,16932,1037,1132,14,721,486,20,26,-1,"2020",88.38,371185.71,163250,265150,564300,Inf,1863.53,511.76,657.5,11220,2500
"Nord-ovest","Liguria",1,7,10,"Genova","ge","LIG","TOT","TOTALE                                                      ",85523,70084,3740,4151,10,21071,14502,892,623,35,19681,13328,276,726,-34,42174,40792,2501,2706,11,2597,1462,71,96,-2,"2020",81.95,368763.16,289940,444166.67,407820,146100,2168.31,719.74,1715,4911.11,638.46
"Nord-ovest","Liguria",1,7,11,"La Spezia","sp","LIG","TOT","TOTALE                                                      ",20738,17369,991,1201,8,5662,4142,268,260,17,3903,2797,66,163,-13,10404,9957,644,760,2,769,473,13,18,2,"2020",83.75,347280,414100,Inf,331800,47200,1401.25,477.78,1064.29,4370.59,350
"Nord-ovest","Lombardia",1,3,12,"Varese","va","LOM","TOT","TOTALE                                                      ",67213,58260,3285,3182,19,21802,16510,885,580,53,13594,11379,215,422,-41,30118,29116,2150,2151,9,1699,1255,35,29,-2,"2020",86.68,157359.46,275066.67,227480,Inf,4726.92,2292.48,994.34,2382.35,3545.76,625
"Nord-ovest","Lombardia",1,3,17,"Brescia","bs","LOM","TOT","TOTALE                                                      ",117391,104688,5813,6037,39,36811,29239,1937,1166,135,20812,17964,341,895,-104,56851,55071,3446,3858,7,2917,2414,89,118,1,"2020",89.18,455065.22,292290,598700,1376675,40133.33,2394.63,1195.56,1197.1,5044,1375
"Nord-ovest","Lombardia",1,3,18,"Pavia","pv","LOM","TOT","TOTALE                                                      ",46349,41081,2193,2441,16,10385,7644,501,352,19,7475,6011,148,294,-10,27387,26607,1524,1749,7,1102,819,20,46,0,"2020",88.63,293335.71,764300,Inf,2660600,6725,2642.7,935.29,1447.37,5365.62,1050
"Nord-ovest","Lombardia",1,3,15,"Milano","mi","LOM","TOT","TOTALE                                                      ",377948,305395,20828,23597,142,180912,131135,10770,12227,295,53128,41114,880,2149,-163,129136,124384,8844,8720,23,14772,8762,334,501,-13,"2020",80.8,101360.13,159820.73,342516.67,731570.59,4511.58,872.67,512.88,1295.45,3563.87,1184.62
"Nord-ovest","Lombardia",1,3,16,"Bergamo","bg","LOM","TOT","TOTALE                                                      ",94008,83791,4363,4903,26,30298,24412,1359,1153,104,15622,13016,265,596,-78,45828,44561,2678,3059,6,2260,1802,61,95,-6,"2020",89.13,182054.35,348642.86,325300,1113925,5712.9,2149.08,845.08,2491.3,4914.75,691.67
"Nord-est","Trentino-Alto Adige/Südtirol",2,4,21,"Bolzano/Bozen","bz","TAA","TOT","TOTALE                                                      ",59658,56045,3129,2714,4,11639,9735,867,375,56,10215,9073,202,311,-57,36276,35868,2000,1934,3,1528,1369,60,94,2,"2020",93.94,509400,194600,Inf,1195500,45533.33,2460.38,792.86,972.41,6807.14,1242.86
"Nord-ovest","Lombardia",1,3,19,"Cremona","cr","LOM","TOT","TOTALE                                                      ",28879,25787,1302,1494,16,6219,4782,311,192,13,6198,5294,95,235,-3,15646,15091,872,1039,5,816,620,24,28,1,"2020",89.29,151588.24,478100,Inf,754450,4328.57,2666.67,910.53,2250,4229.17,2700
"Nord-ovest","Lombardia",1,3,20,"Mantova","mn","LOM","TOT","TOTALE                                                      ",38791,34821,1644,2492,21,8387,6453,401,314,29,8160,6970,129,245,-13,21406,20760,1100,1895,5,838,638,14,38,0,"2020",89.77,248621.43,645200,Inf,Inf,4807.69,3409.86,912.9,3983.33,5642.42,3700
"Nord-est","Veneto",2,5,25,"Belluno","bl","VEN","TOT","TOTALE                                                      ",15130,13748,628,784,4,2637,2157,107,65,11,3470,2909,57,132,-10,8587,8318,454,578,3,436,364,10,9,0,"2020",90.87,343600,215600,290800,831700,36300,3820,622.22,6500,6322.22,Inf
"Nord-est","Veneto",2,5,26,"Treviso","tv","VEN","TOT","TOTALE                                                      ",87423,78814,3933,4675,33,23059,18560,1166,968,107,18177,15451,350,633,-74,45019,43936,2370,3031,5,1168,867,47,43,-5,"2020",90.15,1576180,618566.67,Inf,2196700,Inf,3263.31,1568.97,2914.29,5410.91,760
"Nord-est","Veneto",2,5,27,"Venezia","ve","VEN","TOT","TOTALE                                                      ",77089,67252,3498,3965,42,19608,15249,1010,727,78,17660,14030,314,519,-48,38176,36778,2130,2652,15,1645,1195,44,67,-3,"2020",87.24,353857.89,254050,175275,1838800,39733.33,2031.72,707.78,1896.15,3800,3250
"Nord-est","Trentino-Alto Adige/Südtirol",2,4,22,"Trento","tn","TAA","TOT","TOTALE                                                      ",50666,46171,2318,2511,13,11286,8944,568,432,62,10370,8894,220,363,-55,27822,27266,1502,1665,8,1188,1067,28,51,-2,"2020",91.13,1154175,298033.33,Inf,Inf,106600,2786.21,1134.29,3530,4062.5,2450
"Nord-est","Veneto",2,5,23,"Verona","vr","VEN","TOT","TOTALE                                                      ",96225,85775,4713,4793,27,26117,20040,1445,844,56,17379,15018,418,567,-45,50043,48864,2773,3254,17,2686,1853,77,128,-1,"2020",89.14,659707.69,400700,500500,1221500,185200,2308.54,904.76,1855.17,4906.15,509.52
"Nord-est","Veneto",2,5,24,"Vicenza","vi","VEN","TOT","TOTALE                                                      ",81259,71989,3528,5306,38,26031,20174,1135,1395,100,15874,13493,304,610,-73,38050,37371,2047,3190,13,1304,951,42,111,-2,"2020",88.59,48541.22,19298.08,37380.56,1245600,18920,1761.75,630.37,1867.74,7680.49,404.55
"Nord-est","Friuli-Venezia Giulia",2,6,30,"Udine","ud","FVG","TOT","TOTALE                                                      ",49195,42594,1916,2325,7,12011,8548,480,363,14,9756,7734,163,303,-13,26484,25534,1238,1620,8,944,778,35,39,-2,"2020",86.58,354850,142366.67,193250,1276600,Inf,2843.04,967.65,3266.67,4809.09,1200
"Nord-est","Friuli-Venezia Giulia",2,6,31,"Gorizia","go","FVG","TOT","TOTALE                                                      ",9949,8584,440,562,5,2789,2036,115,102,9,1820,1395,25,47,-5,5074,4938,283,401,2,266,215,17,12,-1,"2020",86.28,429100,203500,Inf,Inf,21400,5009.09,1940,4600,7920,Inf
"Nord-est","Friuli-Venezia Giulia",2,6,32,"Trieste","ts","FVG","TOT","TOTALE                                                      ",16179,13943,893,833,6,4436,3354,235,180,4,2493,1835,29,87,-2,8828,8395,612,532,4,422,359,17,34,0,"2020",86.18,278760,111700,Inf,839400,35800,3103.85,2150,2800,3700,3300
"Nord-est","Veneto",2,5,28,"Padova","pd","VEN","TOT","TOTALE                                                      ",96048,86157,4463,5428,52,26689,20650,1419,950,145,18044,15781,359,991,-102,49280,48216,2617,3392,9,2035,1510,68,95,0,"2020",89.7,478550,294900,525933.33,964220,50233.33,2587.13,991.95,2317.07,5118.46,955.56
"Nord-est","Veneto",2,5,29,"Rovigo","ro","VEN","TOT","TOTALE                                                      ",26518,23782,1064,1468,5,5455,4179,297,228,1,4731,3856,86,117,-5,15680,15310,668,1086,9,652,437,13,37,0,"2020",89.68,475540,208850,385500,1530900,43600,2895.92,1420,2240,4836.36,428.57
"Nord-est","Emilia-Romagna",2,8,36,"Modena","mo","EMI","TOT","TOTALE                                                      ",72238,64118,3427,3954,4,22582,18051,1158,846,30,13374,11394,171,483,-29,34318,33331,2049,2548,7,1964,1342,49,77,-4,"2020",88.76,377064.71,225537.5,379700,1110933.33,44633.33,2895.45,1384.21,3925,4370.18,1183.33
"Nord-est","Emilia-Romagna",2,8,37,"Bologna","bo","EMI","TOT","TOTALE                                                      ",94775,83605,4499,5039,42,29606,23423,1520,1081,74,16897,13749,242,648,-46,45824,44688,2655,3223,13,2448,1745,82,87,1,"2020",88.21,928844.44,585475,687350,1489500,Inf,2484.1,1171.76,1990.32,4376.39,1142.86
"Nord-est","Emilia-Romagna",2,8,33,"Piacenza","pc","EMI","TOT","TOTALE                                                      ",28912,25714,1174,1374,2,6968,5264,304,174,25,5068,4289,72,196,-19,16097,15660,773,981,0,779,501,25,23,-4,"2020",88.94,428466.67,175366.67,Inf,521900,Inf,2886.96,815.79,3166.67,4805,2200
"Nord-est","Emilia-Romagna",2,8,34,"Parma","pr","EMI","TOT","TOTALE                                                      ",45687,40545,1953,2088,11,14144,10960,689,400,39,7676,6649,93,289,-33,22519,21984,1131,1363,2,1348,952,40,36,3,"2020",88.75,311784.62,136900,Inf,732700,47500,2970.59,981.08,2123.08,8986.67,1100
"Nord-est","Emilia-Romagna",2,8,35,"Reggio nell'Emilia","re","EMI","TOT","TOTALE                                                      ",53964,48413,2682,2794,12,14052,11140,709,415,35,10206,8561,154,371,-30,27984,27418,1781,1957,6,1722,1294,38,51,1,"2020",89.71,1613666.67,1113900,Inf,1370800,Inf,2936.96,1283.33,2082.35,4792.5,920
"Centro","Marche",3,11,42,"Ancona","an","MAR","TOT","TOTALE                                                      ",44621,38744,1792,2372,20,11712,8524,484,338,27,7772,6264,139,279,-9,23827,23035,1145,1719,6,1310,921,24,36,-4,"2020",86.83,968500,284033.33,Inf,2303400,Inf,3021.05,1107.14,2225,4955.88,1700
"Centro","Marche",3,11,43,"Macerata","mc","MAR","TOT","TOTALE                                                      ",37974,33926,1512,2045,4,8901,6749,406,263,24,6165,5210,125,236,-17,22044,21353,955,1523,4,864,614,26,23,-7,"2020",89.34,1696200,337350,Inf,Inf,Inf,2701.37,721.88,2850,4659.38,2200
"Centro","Marche",3,11,44,"Ascoli Piceno","ap","MAR","TOT","TOTALE                                                      ",24444,20811,1038,1253,3,7023,5042,340,387,19,4107,3126,70,138,-15,12647,12159,610,704,3,667,484,18,24,-4,"2020",85.14,297200,125950,156200,1215800,Inf,1153,486.36,3350,2246.67,Inf
"Nord-est","Emilia-Romagna",2,8,38,"Ferrara","fe","EMI","TOT","TOTALE                                                      ",34417,30913,1469,1859,4,7011,5431,333,215,12,6211,5040,105,244,-16,20098,19531,988,1371,7,1097,911,43,29,1,"2020",89.82,309030,135675,251900,976450,45450,3105.17,1094.44,2118.18,4627.59,Inf
"Nord-est","Emilia-Romagna",2,8,39,"Ravenna","ra","EMI","TOT","TOTALE                                                      ",38298,34028,1634,2023,13,8255,6317,412,286,32,8114,6591,147,301,-29,20900,20283,1045,1392,11,1029,837,30,44,-1,"2020",88.85,486014.29,315750,219600,1014050,Inf,2790,822.58,2408.33,5468,2100
"Nord-est","Emilia-Romagna",2,8,40,"Forlì-Cesena","fc","EMI","TOT","TOTALE                                                      ",41704,36341,1841,2136,14,9461,6852,480,352,29,9655,7726,161,342,-22,21422,20793,1168,1410,8,1166,970,32,32,-1,"2020",87.14,519057.14,228300,Inf,1039550,48400,2570,802.56,2750,5323.08,966.67
"Centro","Marche",3,11,41,"Pesaro e Urbino","pu","MAR","TOT","TOTALE                                                      ",38993,34125,1486,1853,7,9992,7474,398,300,28,8346,6805,113,269,-22,19959,19319,958,1257,4,696,527,17,27,-3,"2020",87.52,853025,373600,680400,1931800,Inf,2937.7,867.74,1581.25,9569.23,2600
"Centro","Toscana",3,9,49,"Livorno","li","TOS","TOT","TOTALE                                                      ",32809,28066,1630,1625,13,7723,5458,353,245,20,6096,4595,129,211,-7,18253,17503,1123,1143,2,737,510,25,26,-2,"2020",85.54,701550,272800,Inf,1750200,50900,1834.52,775,2010,2384.78,Inf
"Centro","Toscana",3,9,50,"Pisa","pi","TOS","TOT","TOTALE                                                      ",43674,36671,2159,2237,2,12993,9232,656,405,23,8140,6048,128,279,-27,21612,20746,1343,1513,3,929,645,32,40,3,"2020",83.97,244373.33,923100,201500,230411.11,32150,1811.97,710,1450,3119.15,1900
"Centro","Toscana",3,9,45,"Massa-Carrara","ms","TOS","TOT","TOTALE                                                      ",22535,18551,1020,1024,-1,7286,5155,354,141,4,4126,2964,61,112,-5,10370,10003,593,755,0,753,429,12,16,0,"2020",82.32,618266.67,Inf,296300,1000200,42800,2033.33,540.91,1500,4094.44,1500
"Centro","Toscana",3,9,46,"Lucca","lu","TOS","TOT","TOTALE                                                      ",42506,36091,2040,2265,17,11726,8527,519,424,40,8418,6458,146,340,-29,21099,20253,1335,1445,7,1263,853,40,56,-1,"2020",84.91,515485.71,284133.33,645700,675000,Inf,1886.84,700,2166.67,3260.47,1766.67
"Centro","Toscana",3,9,47,"Pistoia","pt","TOS","TOT","TOTALE                                                      ",32519,27849,1553,1693,16,8360,6119,372,253,29,6160,4530,75,227,-20,17375,16761,1088,1182,5,624,439,18,31,2,"2020",85.64,253072.73,203866.67,452900,279250,43800,2870.18,1165,2737.5,4121.43,3000
"Centro","Toscana",3,9,48,"Firenze","fi","TOS","TOT","TOTALE                                                      ",108388,92193,4977,6710,21,32080,23863,1469,2323,59,20983,16006,305,781,-45,52332,50484,3096,3486,7,2993,1840,107,120,0,"2020",85.06,115141.25,95352,33955.32,1262000,45900,1182.98,514.55,2131.43,3457.14,900
"Centro","Toscana",3,9,53,"Grosseto","gr","TOS","TOT","TOTALE                                                      ",29090,25753,1329,1365,0,5158,3659,248,237,2,5781,4695,128,162,-5,17164,16665,925,943,1,987,734,28,23,2,"2020",88.53,429116.67,182850,Inf,416525,Inf,2804.26,1147.37,3140,4186.36,2200
"Centro","Toscana",3,9,51,"Arezzo","ar","TOS","TOT","TOTALE                                                      ",37139,31999,1627,1833,3,10749,7691,450,243,26,6359,5176,125,202,-25,19188,18532,1022,1356,2,843,600,30,32,0,"2020",86.16,1066533.33,769000,Inf,1853100,59900,2904.92,912.5,3266.67,4922.22,700
"Centro","Toscana",3,9,52,"Siena","si","TOS","TOT","TOTALE                                                      ",28109,24601,1266,1469,18,7516,5575,342,209,31,6012,5048,123,218,-21,13794,13403,776,1014,6,787,575,25,28,2,"2020",87.52,614925,Inf,Inf,1340200,19066.67,2028.99,646.43,1881.82,4125,366.67
"Centro","Lazio",3,12,56,"Viterbo","vt","LAZ","TOT","TOTALE                                                      ",37915,32935,1823,1743,4,7783,5250,427,161,13,5626,4397,142,172,-11,23242,22493,1222,1375,2,1264,795,32,35,0,"2020",86.87,658600,174900,219750,Inf,Inf,2320.83,360,1463.64,6775,483.33
"Centro","Lazio",3,12,57,"Rieti","ri","LAZ","TOT","TOTALE                                                      ",15530,13295,813,685,-5,3434,2218,208,73,4,1461,1108,20,36,-8,9606,9351,554,543,2,1029,618,31,33,-3,"2020",85.61,110691.67,55350,Inf,155750,30800,1570.73,386.67,1100,3094.12,450
"Centro","Umbria",3,10,54,"Perugia","pg","UMB","TOT","TOTALE                                                      ",72247,61148,3069,3207,1,18425,12691,839,403,37,15273,11745,233,529,-42,36567,35352,1942,2225,8,1982,1360,55,50,-2,"2020",84.64,59266.99,27489.13,73306.25,235580,5130.77,1570.31,510.61,655.71,4440.82,614.29
"Centro","Umbria",3,10,55,"Terni","tr","UMB","TOT","TOTALE                                                      ",21955,18758,1041,1030,5,5832,4200,292,217,12,3704,2813,55,96,-9,11728,11311,678,703,4,691,434,16,14,-2,"2020",85.44,468850,209900,281200,Inf,43300,1807.41,557.58,2300,4293.75,1300
"Centro","Lazio",3,12,60,"Frosinone","fr","LAZ","TOT","TOTALE                                                      ",48639,39923,2275,2019,-7,16649,11250,824,329,12,5286,3789,43,189,-14,24372,23435,1355,1415,0,2332,1449,53,86,-5,"2020",82.08,399130,281150,126200,781066.67,Inf,1352.52,498.18,1011.76,2520.37,561.54
"Sud","Campania",4,15,61,"Caserta","ce","CAM","TOT","TOTALE                                                      ",96599,79627,5358,3946,22,28291,19017,1845,546,45,10418,6615,103,409,-31,53729,51494,3297,2835,5,4161,2501,113,156,3,"2020",82.43,61626.36,51297.3,9773.13,468027.27,17764.29,1008.43,374.78,519.7,1868.75,403.23
"Centro","Lazio",3,12,58,"Roma","rm","LAZ","TOT","TOTALE                                                      ",498221,369285,24458,29716,117,249023,156877,12302,13413,272,47082,31472,502,1501,-170,182896,170377,10989,13858,32,19220,10559,665,944,-17,"2020",74.12,146441.67,110376.76,209713.33,230139.19,50180.95,516.51,251.95,815.24,2365.84,233.57
"Centro","Lazio",3,12,59,"Latina","lt","LAZ","TOT","TOTALE                                                      ",57663,47104,2908,2765,-4,20136,13458,1057,596,12,6402,4657,137,211,-20,28454,27367,1655,1857,9,2671,1622,59,101,-5,"2020",81.69,470940,224200,465600,1368250,162100,1606.79,626.83,1523.08,2895.16,1920
"Sud","Campania",4,15,64,"Avellino","av","CAM","TOT","TOTALE                                                      ",44565,38269,2008,1928,-8,12025,8505,671,317,13,4476,3088,53,171,-25,26639,25772,1243,1382,5,1425,904,41,58,-1,"2020",85.87,425111.11,121400,308700,2577100,Inf,1229.66,419.67,584,3190.48,241.18
"Sud","Campania",4,15,65,"Salerno","sa","CAM","TOT","TOTALE                                                      ",120125,99221,5786,5665,14,35178,23463,2049,775,66,13759,9668,163,455,-60,65337,62561,3406,4261,7,5851,3529,168,174,1,"2020",82.6,342041.38,156320,193260,1251120,88125,1326.95,505.47,531.94,2514.11,411.76
"Sud","Campania",4,15,62,"Benevento","bn","CAM","TOT","TOTALE                                                      ",35421,30425,1558,1250,2,9696,6735,552,224,11,2844,1905,32,78,-12,21555,20962,928,905,2,1326,823,46,43,1,"2020",85.9,276490.91,673400,190400,261925,82200,1273.63,376.6,1014.29,4425,152.94
"Sud","Campania",4,15,63,"Napoli","na","CAM","TOT","TOTALE                                                      ",305924,249622,16382,12960,53,106092,71025,6098,3041,228,49300,39181,379,1605,-181,140934,133608,9614,8081,5,9598,5808,291,233,1,"2020",81.6,123475.25,77949.45,301292.31,247322.22,13100,1007.69,404.31,928.85,2060.7,529.73
"Sud","Abruzzo",4,13,69,"Chieti","ch","ABR","TOT","TOTALE                                                      ",44855,39398,1921,2019,3,10370,7349,512,224,18,4866,3619,72,181,-13,28486,27632,1305,1547,-1,1133,798,32,67,-1,"2020",87.83,787860,734800,361800,1381500,79700,1373.72,540,654.17,2280,415.38
"Sud","Molise",4,14,70,"Campobasso","cb","MOL","TOT","TOTALE                                                      ",25856,22681,1088,1359,2,5805,3889,346,110,15,2470,1914,50,130,-12,16754,16344,674,1101,0,827,534,18,18,-1,"2020",87.72,323914.29,194350,Inf,326780,Inf,1990.77,307.41,900,4904.55,500
"Sud","Abruzzo",4,13,66,"L'Aquila","aq","ABR","TOT","TOTALE                                                      ",30060,25088,1531,1571,5,8356,5686,456,386,12,4519,3333,80,165,-9,15885,15256,943,951,2,1300,813,52,69,0,"2020",83.46,627100,568500,333200,762700,Inf,1315.32,704.17,1169.23,3557.69,187.5
"Sud","Abruzzo",4,13,67,"Teramo","te","ABR","TOT","TOTALE                                                      ",36059,30983,1647,1659,4,10204,7324,516,334,21,5118,3835,80,163,-18,19957,19272,1026,1092,2,780,552,25,70,-1,"2020",85.92,1549050,366100,Inf,Inf,Inf,1450.47,714.63,1530,2933.33,250
"Sud","Abruzzo",4,13,68,"Pescara","pe","ABR","TOT","TOTALE                                                      ",37399,31318,1840,2047,6,11108,7599,614,351,22,5725,4324,103,264,-24,19790,18860,1089,1384,10,776,535,34,48,-2,"2020",83.74,223600,108457.14,216100,471400,53400,1351.77,588.24,1047.83,2511.32,242.86
"Sud","Puglia",4,16,73,"Taranto","ta","PUG","TOT","TOTALE                                                      ",50379,42410,2415,1915,19,14216,9208,787,266,24,4073,2827,50,125,-4,30064,29136,1539,1475,1,2026,1239,39,49,-2,"2020",84.18,605757.14,460300,Inf,582620,Inf,1689.72,442.86,525,4238.24,1125
"Sud","Puglia",4,16,74,"Brindisi","br","PUG","TOT","TOTALE                                                      ",37618,31982,1801,1439,10,9179,5929,544,173,8,3172,2195,60,104,-6,23600,22855,1163,1138,8,1667,1003,34,24,0,"2020",85.02,639540,296350,Inf,1142650,100200,1768.83,424.24,1055.56,3824.14,300
"Sud","Puglia",4,16,71,"Foggia","fg","PUG","TOT","TOTALE                                                      ",72463,64161,3628,3576,7,14972,10513,1020,425,22,5511,4290,90,276,-23,47742,46651,2425,2757,6,4238,2707,93,118,2,"2020",88.54,320705,131312.5,428900,518244.44,135250,1280.69,333.67,217.24,4346.77,883.33
"Sud","Puglia",4,16,72,"Bari","ba","PUG","TOT","TOTALE                                                      ",147283,125428,7139,7423,24,42043,27863,2235,1435,58,14905,11763,353,718,-43,84327,82170,4365,5123,17,6008,3632,186,147,-8,"2020",85.16,232174.07,81850,392000,684650,72540,1230.29,384.8,725.29,3292.72,512.5
"Nord-ovest","Piemonte",1,1,96,"Biella","bi","PIE","TOT","TOTALE                                                      ",17341,14968,631,782,-1,3254,2438,132,61,13,4860,3711,48,148,-17,8746,8531,442,562,3,481,288,9,11,0,"2020",86.32,748300,Inf,371000,Inf,28700,2422.58,1120,957.14,5009.09,1000
"Nord-est","Emilia-Romagna",2,8,99,"Rimini","rn","EMI","TOT","TOTALE                                                      ",39366,34090,2035,2178,14,10178,7314,575,383,36,10138,8359,198,382,-29,18231,17801,1235,1383,10,819,616,27,30,-3,"2020",86.6,243400,243700,Inf,161727.27,Inf,2056.44,732.61,1491.67,4839.29,900
"Nord-ovest","Lombardia",1,3,97,"Lecco","lc","LOM","TOT","TOTALE                                                      ",25655,22948,1168,1293,15,7038,5609,317,280,39,5250,4472,62,207,-30,12798,12442,783,792,7,569,425,6,14,-1,"2020",89.45,163814.29,140125,447100,414633.33,6983.33,2538.78,1172.73,2487.5,4558.82,600
"Nord-ovest","Lombardia",1,3,98,"Lodi","lo","LOM","TOT","TOTALE                                                      ",16530,14385,758,923,2,4115,3041,170,173,7,3126,2581,52,103,-4,8765,8442,524,632,0,524,321,12,15,-1,"2020",87.02,287600,151950,Inf,844100,15950,1906.52,540.74,1616.67,4761.54,Inf
"Centro","Toscana",3,9,100,"Prato","po","TOS","TOT","TOTALE                                                      ",33440,28886,2121,2224,23,10319,7509,606,477,27,5348,4540,85,281,-22,17020,16335,1418,1433,14,753,502,12,33,4,"2020",86.38,240616.67,187625,453900,326600,25000,1998.11,722.41,2241.67,4114.71,1550
"Sud","Calabria",4,18,101,"Crotone","kr","CAL","TOT","TOTALE                                                      ",18050,15833,805,648,3,3805,2631,181,69,7,1534,1131,21,39,-5,12190,11774,593,535,2,521,297,10,5,-1,"2020",87.72,395725,263000,Inf,392366.67,Inf,1278.72,283.33,875,2331.82,66.67
"Sud","Calabria",4,18,102,"Vibo Valentia","vv","CAL","TOT","TOTALE                                                      ",13817,12337,695,596,0,2440,1722,115,56,6,1318,1000,23,56,-4,9609,9340,548,472,-1,450,275,9,12,-1,"2020",89.29,308325,172100,49900,933900,Inf,1353.66,250,1300,2676.47,200
"Nord-ovest","Piemonte",1,1,103,"Verbano-Cusio-Ossola","vb","PIE","TOT","TOTALE                                                      ",12761,11438,564,737,4,2428,1862,108,84,2,2617,2137,39,106,-4,7402,7178,411,539,6,314,261,6,8,0,"2020",89.63,571800,Inf,Inf,Inf,12950,2734.62,1300,1414.29,4046.15,Inf
"Nord-ovest","Lombardia",1,3,108,"Monza e della Brianza","mb","LOM","TOT","TOTALE                                                      ",74321,63946,3807,4066,54,24783,18410,1187,1054,90,13589,11347,242,538,-55,34193,33031,2334,2414,21,1756,1158,44,60,-2,"2020",86.04,213053.33,368100,567250,412787.5,7620,1836.19,743.2,2141.67,4210.71,1100
"Centro","Marche",3,11,109,"Fermo","fm","MAR","TOT","TOTALE                                                      ",20629,18129,921,1000,5,5025,3684,231,127,17,3555,2914,75,125,-12,11678,11273,604,735,1,371,258,11,13,-1,"2020",87.88,302050,184100,291300,563550,25700,2225.58,477.27,2400,5150,550
"Sud","Puglia",4,16,110,"Barletta-Andria-Trani","bt",NA,NA,NA,NA,NA,NA,NA,NA,NA,NA,NA,NA,NA,NA,NA,NA,NA,NA,NA,NA,NA,NA,NA,NA,NA,NA,NA,NA,NA,NA,NA,NA,NA,NA,NA,NA,NA,NA,NA,NA
"Isole","Sardegna",5,20,111,"Sud Sardegna","su",NA,NA,NA,NA,NA,NA,NA,NA,NA,NA,NA,NA,NA,NA,NA,NA,NA,NA,NA,NA,NA,NA,NA,NA,NA,NA,NA,NA,NA,NA,NA,NA,NA,NA,NA,NA,NA,NA,NA,NA
"Sud","Basilicata",4,17,76,"Potenza","pz","BAS","TOT","TOTALE                                                      ",38619,33568,1630,1531,6,8683,6098,418,154,16,3680,2774,73,91,-14,24003,23374,1080,1180,2,2253,1322,59,106,2,"2020",86.92,419500,203166.67,Inf,2337300,32950,1494.79,470.37,911.11,3475.76,292.59
"Isole","Sicilia",5,19,84,"Agrigento","ag","SIC","TOT","TOTALE                                                      ",40736,34400,1851,1459,-3,7412,4803,372,106,6,3773,2811,78,107,-13,26341,25246,1352,1194,4,3210,1540,49,52,0,"2020",84.45,859900,240050,140450,Inf,Inf,1005.3,186.49,568.75,1655.88,372.73
"Isole","Sardegna",5,20,95,"Oristano","or","SAR","TOT","TOTALE                                                      ",14378,12777,508,486,0,1887,1244,87,28,7,2117,1695,66,49,-7,9653,9396,341,400,0,721,442,14,9,0,"2020",88.86,212850,31000,Inf,Inf,22000,2214.29,460,880,4344.44,350
"Sud","Basilicata",4,17,77,"Matera","mt","BAS","TOT","TOTALE                                                      ",21963,19444,952,971,3,4486,3076,228,73,18,1949,1518,35,70,-17,14565,14195,665,776,3,963,655,24,52,-1,"2020",88.53,648033.33,Inf,151700,1419400,65400,1574.14,421.43,677.78,4211.11,205.88
"Isole","Sicilia",5,19,85,"Caltanissetta","cl","SIC","TOT","TOTALE                                                      ",25511,20483,1056,1002,4,5898,3600,294,117,8,2280,1538,37,74,-4,15292,14354,683,770,0,2041,991,42,41,0,"2020",80.29,511975,179900,Inf,717600,Inf,1092.86,333.33,957.14,1690.7,485.71
"Sud","Calabria",4,18,78,"Cosenza","cs","CAL","TOT","TOTALE                                                      ",68452,57392,3040,2936,3,17078,11184,871,382,26,7864,5184,85,299,-23,40701,39261,2024,2202,2,2809,1763,60,53,-2,"2020",83.84,337500,139700,Inf,490662.5,176200,1504.37,478.79,666.67,3091.3,488.89
"Isole","Sicilia",5,19,86,"Enna","en","SIC","TOT","TOTALE                                                      ",15059,13264,677,719,8,2230,1465,119,33,4,1256,950,32,39,1,10742,10389,513,632,3,831,460,13,15,0,"2020",88.08,442033.33,Inf,Inf,346200,Inf,1282.69,200,875,1815.15,275
"Sud","Calabria",4,18,79,"Catanzaro","cz","CAL","TOT","TOTALE                                                      ",34293,29696,1611,1451,2,8207,5729,452,164,28,3615,2540,55,116,-21,21447,20768,1080,1156,0,1024,659,24,15,-5,"2020",86.59,197873.33,190866.67,50700,519100,21866.67,1834.67,465.52,480,4524,1400
"Isole","Sicilia",5,19,87,"Catania","ct","SIC","TOT","TOTALE                                                      ",104236,82345,5473,4583,13,27574,17559,1442,552,8,9603,6887,185,262,-8,60104,54448,3718,3632,14,6955,3451,128,137,-1,"2020",79,66847.15,103188.24,68770,57823.4,172450,653.78,265.56,608.11,814.86,495.65
"Sud","Calabria",4,18,80,"Reggio Calabria","rc","CAL","TOT","TOTALE                                                      ",53429,45375,2222,1821,5,9618,5978,459,109,15,5927,3893,60,143,-12,35861,34417,1671,1547,0,2023,1087,32,22,2,"2020",84.93,324007.14,199166.67,194550,491571.43,54250,1777.32,419.05,257.5,4450,1000
"Isole","Sicilia",5,19,88,"Ragusa","rg","SIC","TOT","TOTALE                                                      ",37354,31168,1802,1395,0,9352,6052,511,118,4,4554,3384,86,125,-7,21538,20575,1175,1130,3,1910,1157,30,22,0,"2020",83.44,311580,605100,169100,411400,57750,1102.59,461.9,681.25,1427.03,340
"Isole","Sicilia",5,19,81,"Trapani","tp","SIC","TOT","TOTALE                                                      ",47418,39583,2254,1911,2,9466,6130,438,227,22,5131,3646,82,153,-18,29854,28097,1676,1457,-2,2967,1710,58,74,0,"2020",83.48,232741.18,102066.67,91050,2809600,28400,985.8,415.91,856.25,1342.57,393.33
"Isole","Sicilia",5,19,89,"Siracusa","sr","SIC","TOT","TOTALE                                                      ",39232,30540,1843,1637,11,10811,6510,518,278,12,3138,2172,63,104,-10,22342,20404,1218,1217,10,2941,1454,44,38,-1,"2020",77.84,179547.06,162650,Inf,169933.33,145300,748.19,363.33,550,1037.38,280
"Isole","Sardegna",5,20,90,"Sassari","ss","SAR","TOT","TOTALE                                                      ",55294,45834,2616,2634,12,14933,9867,712,265,7,8544,6013,188,581,-7,29804,28656,1651,1714,11,2013,1298,65,74,1,"2020",82.89,241131.58,164350,120160,477500,64800,1667.79,546.34,1191.11,3546.81,362.5
"Isole","Sicilia",5,19,82,"Palermo","pa","SIC","TOT","TOTALE                                                      ",98935,76822,4689,4069,10,24628,15031,1279,497,31,11146,7267,159,263,-29,55363,50329,3098,3190,5,7798,4195,153,119,3,"2020",77.65,103713.51,100106.67,72570,116944.19,69816.67,725.35,373.33,557.5,906.31,283.87
"Isole","Sardegna",5,20,91,"Nuoro","nu","SAR","TOT","TOTALE                                                      ",30107,26774,1579,1229,1,4208,2719,215,58,8,4717,3807,260,106,-9,20311,19663,1078,1027,2,871,585,26,38,0,"2020",88.93,297388.89,271800,126800,655333.33,29150,1345.88,205.26,657.14,2533.33,192.31
"Isole","Sardegna",5,20,92,"Cagliari","ca","SAR","TOT","TOTALE                                                      ",70720,58743,3173,3114,6,18667,11807,882,734,26,10349,7766,185,261,-27,38672,37163,2021,2052,9,3032,2007,85,67,-2,"2020",83.06,345447.06,236040,388200,371530,Inf,1061.94,358.75,987.5,2750,458.33
"Sud","Puglia",4,16,75,"Lecce","le","PUG","TOT","TOTALE                                                      ",74792,64691,4452,3928,8,18103,12214,1177,426,33,6301,4657,121,255,-29,47101,45652,3005,3155,2,3287,2168,149,92,2,"2020",86.49,281165.22,174385.71,232750,380333.33,108300,1761.61,517.39,696.88,2993.14,1050
"Nord-est","Friuli-Venezia Giulia",2,6,93,"Pordenone","pn","FVG","TOT","TOTALE                                                      ",25897,23289,1111,1286,9,6275,4921,276,217,12,5339,4474,97,165,-8,13859,13538,708,883,3,424,356,30,21,2,"2020",89.93,2328800,492000,Inf,Inf,Inf,3796.97,1346.67,2257.14,8730,2000
"Isole","Sicilia",5,19,83,"Messina","me","SIC","TOT","TOTALE                                                      ",62808,46771,2664,2059,19,16127,9268,722,228,25,6608,4226,97,161,-18,35043,30884,1773,1612,13,5030,2393,72,58,-1,"2020",74.47,259738.89,154366.67,422500,441100,59725,768.78,286.44,570.83,1035.21,383.33
"Sud","Molise",4,14,94,"Isernia","is","MOL","TOT","TOTALE                                                      ",9311,7841,456,483,-7,2822,1918,173,79,-3,977,718,18,34,-4,5195,5006,257,363,0,317,199,8,7,0,"2020",84.21,Inf,Inf,Inf,Inf,Inf,1625,558.33,580,3933.33,250
